url,ruta,multipagina,robots,extraccion,normalizacion,Cant-Tokens,guardado,Titulo de la página,Autoría de la página,Fecha de publicación de la página,Año de publicación de la Obra,Licencia,Medio
https://es.wikisource.org/wiki/Historia_de_un_amor_turbio,datos\pagina_1.html,No,OK,OK,OK,21626,OK,Historia de un amor turbio - Wikisource,Horacio Quiroga,2018-11-15,,CC BY-SA 4.0,wikisource.org
https://es.wikisource.org/wiki/A_flor_de_piel,datos\pagina_2.html,Sí,OK,OK,OK,60849,OK,A flor de piel - Wikisource,Antonio de Hoyos y Vinent,2008-01-25,1907,CC BY-SA 4.0,wikisource.org
https://es.wikisource.org/wiki/A_fuego_lento,datos\pagina_51.html,Sí,OK,OK,OK,64006,OK,A fuego lento - Wikisource,Emilio Bobadilla,2008-06-17,1903,CC BY-SA 4.0,wikisource.org
https://es.wikisource.org/wiki/A_los_pies_de_Venus,datos\pagina_4.html,Sí,OK,OK,OK,108737,OK,A los pies de Venus - Wikisource,Vicente Blasco Ibáñez,2007-02-05,1926,CC BY-SA 4.0,wikisource.org
https://es.wikisource.org/wiki/A_prueba,datos\pagina_5.html,Sí,OK,OK,OK,13682,OK,A prueba - Wikisource,Felipe Trigo,2006-03-17,1910,CC BY-SA 4.0,wikisource.org
https://es.wikisource.org/wiki/A_todo_honor,datos\pagina_6.html,Sí,OK,OK,OK,16068,OK,A todo honor - Wikisource,Felipe Trigo,2007-02-22,1909,CC BY-SA 4.0,wikisource.org
https://es.wikisource.org/wiki/Adem%C3%A1s_del_frac,datos\pagina_7.html,Sí,OK,OK,OK,14283,OK,Además del frac - Wikisource,Felipe Trigo,2006-02-09,1910,CC BY-SA 4.0,wikisource.org
https://es.wikisource.org/wiki/Aita_Tettauen,datos\pagina_8.html,Sí,OK,OK,OK,78676,OK,Aita Tettauen - Wikisource,AutorBenito Pérez Galdós,2007-02-23,1905,CC BY-SA 4.0,wikisource.org
https://es.wikisource.org/wiki/Al_amor_de_los_tizones,datos\pagina_9.html,Sí,OK,Sin texto,,,,Al amor de los tizones - Wikisource,José María de Pereda,2006-02-07,1871,,wikisource.org
https://es.wikisource.org/wiki/Al_primer_vuelo,datos\pagina_10.html,Sí,OK,OK,OK,101043,OK,Al primer vuelo - Wikisource,José María de Pereda,2006-02-13,1891,CC BY-SA 4.0,wikisource.org
https://es.wikisource.org/wiki/Amadeo_I,datos\pagina_11.html,Sí,OK,OK,OK,73201,OK,Amadeo I - Wikisource,Benito Pérez Galdós,2006-02-01,1909,CC BY-SA 4.0,wikisource.org
https://es.wikisource.org/wiki/Amalia,datos\pagina_12.html,Sí,OK,OK,OK,232197,OK,Amalia - Wikisource,AutorJosé Mármol,2006-02-17,1909,CC BY-SA 4.0,wikisource.org
https://es.wikisource.org/wiki/Amistad_funesta,datos\pagina_13.html,Sí,OK,OK,OK,36101,OK,Amistad funesta - Wikisource,José Martí,2007-03-14,,CC BY-SA 4.0,wikisource.org
https://es.wikisource.org/wiki/Ana_Karenina,datos\pagina_14.html,Sí,OK,OK,OK,1658,OK,Ana Karenina - Wikisource,León Tolstoi,2022-01-01,1877,CC BY-SA 4.0,wikisource.org
https://es.wikisource.org/wiki/%C3%81ngel_Guerra_(Gald%C3%B3s),datos\pagina_15.html,Sí,OK,Sin texto,,,,Ángel Guerra (Galdós) - Wikisource,Benito Pérez Galdós,2007-06-13,1890,,wikisource.org
https://es.wikisource.org/wiki/Arroz_y_tartana,datos\pagina_16.html,Sí,OK,OK,OK,90861,OK,Arroz y tartana - Wikisource,AutorVicente Blasco Ibáñez,2006-01-18,1919,CC BY-SA 4.0,wikisource.org
https://es.wikisource.org/wiki/As%C3%AD_paga_el_diablo,datos\pagina_17.html,Sí,OK,OK,OK,16387,OK,Así paga el diablo - Wikisource,Felipe Trigo,2007-02-23,1911,CC BY-SA 4.0,wikisource.org
https://es.wikisource.org/wiki/Aura_o_las_violetas,datos\pagina_18.html,Sí,OK,OK,OK,18216,OK,Aura o las violetas - Wikisource,José María Vargas Vila,2016-07-21,1908,CC BY-SA 4.0,wikisource.org
https://es.wikisource.org/wiki/Aurora_roja,datos\pagina_19.html,Sí,OK,OK,OK,69763,OK,Aurora roja - Wikisource,Pío Baroja,2007-02-03,1904,CC BY-SA 4.0,wikisource.org
https://es.wikisource.org/wiki/Baile_y_cochino,datos\pagina_20.html,Sí,OK,Sin texto,,,,Baile y cochino - Wikisource,AutorJosé Tomás de Cuéllar,2024-03-18,1889,,wikisource.org
https://es.wikisource.org/wiki/Bail%C3%A9n_(P%C3%A9rez_Gald%C3%B3s),datos\pagina_21.html,Sí,OK,OK,OK,63495,OK,Bailén (Pérez Galdós) - Wikisource,Benito Pérez Galdós,2006-01-15,1873,CC BY-SA 4.0,wikisource.org
https://es.wikisource.org/wiki/Blasones_y_talegas,datos\pagina_22.html,Sí,OK,OK,OK,24434,OK,Blasones y talegas - Wikisource,José María de Pereda,2008-11-15,1871,CC BY-SA 4.0,wikisource.org
https://es.wikisource.org/wiki/Bodas_reales,datos\pagina_23.html,Sí,OK,OK,OK,74518,OK,Bodas reales - Wikisource,Benito Pérez Galdós,2006-01-31,1900,CC BY-SA 4.0,wikisource.org
https://es.wikisource.org/wiki/Brenda,datos\pagina_24.html,Sí,OK,OK,OK,114470,OK,Brenda - Wikisource,Eduardo Acevedo Díaz,2006-02-16,1886,CC BY-SA 4.0,wikisource.org
https://es.wikisource.org/wiki/Buenos_Aires_en_el_a%C3%B1o_2080,datos\pagina_25.html,Sí,OK,Sin texto,,,,Buenos Aires en el año 2080 - Wikisource,AutorAquiles Sioen,2016-08-27,1879,,wikisource.org
https://es.wikisource.org/wiki/Bug-Jargal,datos\pagina_26.html,Sí,OK,Sin texto,,,,Bug-Jargal - Wikisource,,2024-01-25,,,wikisource.org
https://es.wikisource.org/wiki/C%C3%A1diz,datos\pagina_27.html,Sí,OK,OK,OK,76255,OK,Cádiz - Wikisource,Benito Pérez Galdós,2006-01-15,1874,CC BY-SA 4.0,wikisource.org
https://es.wikisource.org/wiki/Camila_o_la_virtud_triunfante,datos\pagina_28.html,Sí,OK,Sin texto,,,,Camila o la virtud triunfante - Wikisource,AutorEstanislao del Campo,2016-06-14,1856,,wikisource.org
https://es.wikisource.org/wiki/C%C3%A1novas,datos\pagina_29.html,Sí,OK,OK,OK,64380,OK,Cánovas - Wikisource,Benito Pérez Galdós,2007-02-23,1912,CC BY-SA 4.0,wikisource.org
https://es.wikisource.org/wiki/Caramur%C3%BA,datos\pagina_30.html,Sí,OK,OK,OK,48766,OK,Caramurú - Wikisource,Alejandro Magariños Cervantes,2007-03-14,1865,CC BY-SA 4.0,wikisource.org
https://es.wikisource.org/wiki/Carlos_VI_en_la_R%C3%A1pita,datos\pagina_31.html,Sí,OK,OK,OK,70053,OK,Carlos VI en la Rápita - Wikisource,Benito Pérez Galdós,2007-02-21,1905,CC BY-SA 4.0,wikisource.org
https://es.wikisource.org/wiki/Ca%C3%B1as_y_barro,datos\pagina_32.html,Sí,OK,OK,OK,74953,OK,Cañas y barro - Wikisource,AutorVicente Blasco Ibáñez,2006-12-07,1916,CC BY-SA 4.0,wikisource.org
https://es.wikisource.org/wiki/Cel%C3%ADn,datos\pagina_33.html,Sí,OK,OK,OK,12377,OK,Celín - Wikisource,Benito Pérez Galdós,2007-11-18,1890,CC BY-SA 4.0,wikisource.org
https://es.wikisource.org/wiki/Cinco_semanas_en_globo,datos\pagina_34.html,Sí,OK,OK,OK,79290,OK,Cinco semanas en globo - Wikisource,Julio Verne,2005-05-14,,CC BY-SA 4.0,wikisource.org
https://es.wikisource.org/wiki/Clemencia_(Altamirano),datos\pagina_35.html,Sí,OK,OK,OK,51809,OK,Clemencia (Altamirano) - Wikisource,Ignacio Manuel Altamirano,2011-02-21,1869,CC BY-SA 4.0,wikisource.org
https://es.wikisource.org/wiki/Clemencia_(Caballero),datos\pagina_36.html,Sí,OK,OK,OK,105158,OK,Clemencia (Caballero) - Wikisource,AutorFernán Caballero,2006-11-25,1862,CC BY-SA 4.0,wikisource.org
https://es.wikisource.org/wiki/Crimen_y_castigo_(tr._an%C3%B3nima),datos\pagina_37.html,Sí,OK,OK,OK,208663,OK,Crimen y castigo (tr. anónima) - Wikisource,Fiódor Dostoyevski,2011-09-19,1951,CC BY-SA 4.0,wikisource.org
https://es.wikisource.org/wiki/Cr%C3%B3nica_del_reinado_de_Carlos_IX,datos\pagina_38.html,Sí,OK,OK,OK,66868,OK,Crónica del reinado de Carlos IX - Wikisource,AutorProsper Mérimée,2008-02-20,1920,CC BY-SA 4.0,wikisource.org
https://es.wikisource.org/wiki/Cuesti%C3%B3n_de_ambiente,datos\pagina_39.html,Sí,OK,OK,OK,21768,OK,Cuestión de ambiente - Wikisource,Antonio de Hoyos y Vinent,2008-01-25,1903,CC BY-SA 4.0,wikisource.org
https://es.wikisource.org/wiki/Cumand%C3%A1,datos\pagina_40.html,Sí,OK,OK,OK,70906,OK,Cumandá - Wikisource,Juan León Mera,2007-06-12,1879,CC BY-SA 4.0,wikisource.org
https://es.wikisource.org/wiki/De_Cartago_a_Sagunto,datos\pagina_41.html,Sí,OK,OK,OK,68103,OK,De Cartago a Sagunto - Wikisource,Benito Pérez Galdós,2006-02-01,1911,CC BY-SA 4.0,wikisource.org
https://es.wikisource.org/wiki/De_O%C3%B1ate_a_la_Granja,datos\pagina_42.html,Sí,OK,OK,OK,80153,OK,De Oñate a la Granja - Wikisource,Benito Pérez Galdós,2006-01-31,1898,CC BY-SA 4.0,wikisource.org
"https://es.wikisource.org/wiki/De_tal_palo,_tal_astilla",datos\pagina_43.html,Sí,OK,OK,OK,85921,OK,"De tal palo, tal astilla - Wikisource",José María de Pereda,2006-01-16,1885,CC BY-SA 4.0,wikisource.org
https://es.wikisource.org/wiki/Del_fr%C3%ADo_al_fuego,datos\pagina_44.html,Sí,OK,OK,OK,71453,OK,Del frío al fuego - Wikisource,Felipe Trigo,2007-02-27,,CC BY-SA 4.0,wikisource.org
https://es.wikisource.org/wiki/Don_Gonzalo_Gonz%C3%A1lez_de_la_Gonzalera,datos\pagina_45.html,Sí,OK,OK,OK,88251,OK,Don Gonzalo González de la Gonzalera - Wikisource,José María de Pereda,2006-05-17,1871,CC BY-SA 4.0,wikisource.org
https://es.wikisource.org/wiki/Don_Segundo_Sombra,datos\pagina_46.html,Sí,OK,OK,OK,61274,OK,Don Segundo Sombra - Wikisource,AutorRicardo Güiraldes,2008-05-05,1927,CC BY-SA 4.0,wikisource.org
https://es.wikisource.org/wiki/Do%C3%B1a_Luz,datos\pagina_47.html,Sí,OK,OK,OK,59381,OK,Doña Luz - Wikisource,Juan Valera,2007-03-27,1879,CC BY-SA 4.0,wikisource.org
https://es.wikisource.org/wiki/Do%C3%B1a_Milagros,datos\pagina_48.html,Sí,OK,OK,OK,67790,OK,Doña Milagros - Wikisource,Emilia Pardo Bazán,2007-03-29,1894,CC BY-SA 4.0,wikisource.org
https://es.wikisource.org/wiki/Do%C3%B1a_Perfecta,datos\pagina_49.html,Sí,OK,OK,OK,65321,OK,Doña Perfecta - Wikisource,Benito Pérez Galdós,2006-02-26,1876,CC BY-SA 4.0,wikisource.org
https://es.wikisource.org/wiki/Dulce_due%C3%B1o_(Pardo_Baz%C3%A1n),datos\pagina_50.html,Sí,OK,OK,OK,66584,OK,Dulce dueño (Pardo Bazán) - Wikisource,Emilia Pardo Bazán,2007-03-29,1911,CC BY-SA 4.0,wikisource.org
